entropy,energy,mc_dropout,ensemble,hybrid
0.12009789,0.0788102,0.0005670488,0.02510278,0.1665272
0.113511264,1.052396,0.00088590384,0.023153737,0.24334902
0.16564819,0.09338097,0.00065627694,0.021658406,0.23157105
0.20412205,0.14940764,0.0010741353,0.020040318,0.29037377
0.2137536,0.28772902,0.00092211366,0.016998306,0.3160791
0.15777273,0.15662043,0.0008942187,0.014284924,0.22613667
0.16657344,0.4182205,0.0007454753,0.018764079,0.2615739
0.09979959,0.026391493,0.00048613548,0.03158845,0.1334834
0.13528262,0.18186194,0.00073985755,0.024520412,0.1968883
0.14234553,0.26317844,0.0015883893,0.013474047,0.21396054
0.12801325,0.11077423,0.0010746866,0.030456677,0.18043105
0.24630983,1.1206892,0.0011894107,0.02322045,0.43526083
0.16591989,0.28713945,0.0006761998,0.05131647,0.2490748
0.18042749,0.41848594,0.0009860992,0.005610898,0.28098872
0.12842518,0.14629304,0.0013273209,0.011421174,0.1841466
0.1741065,0.11182532,0.0009073168,0.017421767,0.24504004
0.122322,0.16822359,0.0008779317,0.02468431,0.17754218
0.2460303,1.3464496,0.0017983168,0.012576342,0.45482126
0.26781857,0.7466672,0.0008390099,0.01314804,0.43231195
0.14724465,0.1933877,0.00094538927,0.029546097,0.21464999
0.17626518,1.1768793,0.0010724664,0.010966435,0.3421861
0.09143075,0.07049768,0.000755392,0.025294691,0.12566756
0.10202841,0.15501145,0.0008684248,0.02642712,0.14796989
0.15093727,0.0808042,0.0009934455,0.019055799,0.2098689
0.1368004,0.044810265,0.0009221956,0.011094317,0.1869007
0.09632088,0.05471978,0.0005491823,0.006976649,0.13111784
0.18108763,0.23623839,0.0007613301,0.015327394,0.2658065
0.1229105,0.09825762,0.00017444044,0.003127735,0.17218263
0.1720512,0.1405135,0.0010594279,0.012093499,0.24469861
0.20912883,0.2807461,0.00075882673,0.019730046,0.30898875
0.1488269,0.16554706,0.0012675673,0.02691853,0.2144042
0.17342526,0.13246638,0.0010504425,0.01671271,0.24591067
0.0809847,0.040320117,0.00042711198,0.012298748,0.108379394
0.13350277,0.103286035,0.00086660683,0.015796214,0.18745288
0.0936246,0.07448676,0.0006135702,0.017681435,0.12909079
0.15519445,0.25287893,0.0018312484,0.023229167,0.23103477
0.098135926,0.13050178,0.00063478947,0.0043230504,0.14035559
0.12823348,0.22204237,0.0011704266,0.02975376,0.19057266
0.14855972,0.1081665,0.00079628825,0.014814749,0.2089592
0.053442534,0.007318246,0.0004994273,0.022062495,0.06691244
0.09223993,0.021860521,0.00045497715,0.026092619,0.12250182
0.19632962,1.4479799,0.0012886524,0.016533226,0.39422864
0.12784295,0.061085492,0.00037365407,0.0022862554,0.17580141
0.13779901,0.049363554,0.0011749417,0.013211384,0.18870085
0.16521731,0.33822942,0.0008870959,0.018787831,0.2526065
0.12711352,0.09119152,0.0014944971,0.03297645,0.17744106
0.19692227,0.47438943,0.00071714073,0.013661057,0.3090167
0.15767191,0.106036656,0.0008138269,0.029138893,0.22152519
0.15884757,0.07684264,0.0014350414,0.028908297,0.22059071
0.17829715,0.78926116,0.00084637105,0.020333558,0.31077433
0.18855125,0.17308472,0.0014130324,0.023957327,0.270672
0.17541328,0.39763704,0.0007914901,0.024022713,0.27212787
0.22818892,0.5545894,0.00095541775,0.018375143,0.35986793
0.17535712,0.07979591,0.0010454655,0.009520233,0.24395992
0.044223122,0.003781998,0.00024970062,0.0016037747,0.05369564
0.17955,0.23834169,0.0004591234,0.0027192086,0.2638402
0.18531975,0.19756456,0.0013718307,0.015830383,0.26831234
0.170328,0.35244715,0.0009188056,0.0145513415,0.2610164
0.08674963,0.016332453,0.00063002855,0.016468666,0.11432858
0.16137086,0.41734466,0.0011014342,0.032487914,0.25421453
0.14918259,0.29856288,0.00091551244,0.016768016,0.22665739
0.16984932,0.29094172,0.001094073,0.023234412,0.25491083
0.07050197,0.00993549,0.00033158064,0.004795827,0.09102161
0.13648392,0.11783961,0.0006701052,0.026389927,0.19291174
0.10635461,0.085192926,0.00046491623,0.016809613,0.14785497
0.19482248,0.4142596,0.0010385066,0.015988782,0.30076367
0.21495005,0.45017028,0.0012945831,0.018447682,0.33210957
0.1285612,0.054321766,0.0007574856,0.026561454,0.17620899
0.15515298,0.110627495,0.0009830743,0.016555816,0.2184052
0.13039559,0.07298529,0.0006902218,0.0083305985,0.18042596
0.14018624,0.33937427,0.00096684694,0.015347958,0.21767204
0.15328346,0.59386927,0.0012784302,0.024372935,0.25849515
0.16484132,0.27094412,0.0008445531,0.013374716,0.2461339
0.10739097,0.14452372,0.0006925538,0.018209845,0.15454894
0.166148,0.18097466,0.00096294284,0.01507628,0.24001175
0.14146084,0.11501003,0.0018468052,0.03073427,0.1996278
0.15584177,0.20588726,0.0008591488,0.027114749,0.22778791
0.09732094,0.0472991,0.0005125776,0.0054487586,0.13186178
0.13210219,0.15554848,0.0006753504,0.01851666,0.19011123
0.11863901,0.024196863,0.0007987246,0.022057593,0.15965873
0.14081573,0.6536439,0.0008776337,0.028639212,0.24632685
0.15399131,0.24127822,0.0010253191,0.020800918,0.22832555
0.20237632,0.09972774,0.0011526644,0.017735839,0.2835398
0.16805342,0.4823775,0.00052445754,0.011094056,0.26931533
0.14365534,0.053320557,0.001269713,0.008346215,0.19724758
0.115015924,0.038794994,0.0006964803,0.023963168,0.15587766
0.13128781,0.16932422,0.0008013174,0.0047647804,0.1901888
0.12618123,0.09540327,0.00086554885,0.012983322,0.17650837
0.171689,0.44987196,0.0010690391,0.023907185,0.2715313
0.13863114,0.059408464,0.0008501932,0.004021831,0.1907533
0.09162852,0.5849832,0.00080667436,0.023757726,0.17141223
0.17007357,0.3546532,0.0018194169,0.019542947,0.26085523
0.11011207,0.065024905,0.0005028844,0.01753214,0.15133189
0.067995094,0.033013437,0.00048755482,0.010838382,0.08955229
0.08898545,0.036224384,0.00078216195,0.013070971,0.11921599
0.17022541,0.35195372,0.0011173785,0.0146421045,0.26082918
0.10291729,0.16238904,0.0008368939,0.021092787,0.14986604
0.15139858,0.09918098,0.00075149536,0.005641997,0.21213864
0.15796895,0.21044801,0.0012262911,0.018601164,0.23116836
0.14735065,0.41088757,0.0007148236,0.016812712,0.23402
0.18065087,0.37566277,0.0005796775,0.023549289,0.27751687
0.20437326,0.68816626,0.0011082739,0.019370243,0.33833838
0.17325345,0.092149206,0.00049340725,0.020712942,0.24210715
0.13058543,0.44043437,0.0015478879,0.021361887,0.21316513
0.14367494,0.14120252,0.00089847296,0.024117336,0.20504162
0.15976642,0.1058831,0.00093492866,0.023863122,0.22444329
0.036809437,0.002479545,0.00038847327,0.0124059245,0.0432037
0.09227174,0.025537241,0.00042673945,0.02677153,0.12287128
0.13069984,0.15360874,0.0009507239,0.016035527,0.18797696
0.1262288,0.057488594,0.00072629005,0.0033812597,0.17322423
0.21306297,0.2518258,0.00072464347,0.0188241,0.31193948
0.13791966,0.1526753,0.0006651804,0.01143387,0.19799995
0.09768967,0.9914128,0.00092393905,0.0063228533,0.21581432
0.17542726,0.6484136,0.001776129,0.016321152,0.2943099
0.07862451,0.031606834,0.00037494302,0.0070514753,0.10430583
0.25938156,1.7254733,0.0016095042,0.009399205,0.50700516
0.13648532,0.043157388,0.0006620586,0.02660659,0.18631363
0.12090967,0.6270402,0.00079135597,0.01782526,0.21611346
0.12297599,0.1253891,0.0005721301,0.021355763,0.17467204
0.14244285,0.19983096,0.00090262294,0.01784645,0.20849839
0.1552951,0.076207,0.0010097176,0.025087565,0.21556221
0.16409081,1.5808629,0.00081011653,0.012177527,0.360848
0.13444678,0.05789005,0.00056960434,0.008795902,0.18476233
0.15095797,0.20933579,0.0008959621,0.019164458,0.22125688
0.13116774,0.24308436,0.00056833774,0.018075675,0.1965393
0.17709619,0.41078737,0.0009832084,0.018321142,0.27564555
0.14918323,0.17370202,0.0006017089,0.008995235,0.21562365
0.14329426,0.4749337,0.0011018813,0.020366013,0.23400241
0.20134991,0.21592996,0.0012475252,0.0076791346,0.29237255
0.19879062,0.2394209,0.00076167285,0.010415524,0.2908664
0.16216841,1.6574535,0.0011341423,0.016833067,0.36492598
0.157915,0.14320967,0.0011942983,0.015118957,0.22515061
0.13390379,0.051633038,0.0013118684,0.02024424,0.18344933
0.20820646,0.17751694,0.0006569326,0.022118092,0.29857484
0.20608205,0.4648192,0.0009095371,0.019811898,0.32099175
0.118446395,0.3071787,0.0007083267,0.048840076,0.18439776
0.15081257,0.07726068,0.0004749596,0.025684714,0.20938118
0.10537641,0.06930464,0.00078234076,0.028835133,0.14508165
0.20226698,0.32003823,0.0012639463,0.032448635,0.3028568
0.18553744,0.5782165,0.0004221648,0.010177225,0.3022573
0.07844093,0.008472722,0.0007829219,0.024655297,0.10200439
0.2295281,0.55335456,0.002177298,0.017575637,0.36163324
0.2257005,0.3306505,0.00090773404,0.008084953,0.33659422
0.1988711,0.23331484,0.00096976757,0.017967448,0.2904394
0.04236666,0.009349094,0.000262741,0.017537631,0.051589172
0.048430957,0.008523577,0.00028867088,0.004703637,0.060004327
0.2156566,0.16367549,0.00075535476,0.009443283,0.30777943
0.14646073,0.5554708,0.0013695806,0.012801558,0.24555197
0.13526893,0.07795949,0.0008661896,0.0063836575,0.18768671
0.07415162,0.7949842,0.0014976338,0.0125525445,0.16550897
0.15894261,0.14627495,0.0013300478,0.014863566,0.22685985
0.051514793,0.0717055,0.00030943938,0.031182133,0.06990446
0.21400926,0.20176737,0.0006803721,0.010416985,0.30884007
0.14669219,0.15456451,0.00077179074,0.015955672,0.21044569
0.23752627,0.5791081,0.0011193752,0.015001416,0.37510416
0.11374821,0.12168375,0.0005836934,0.011002615,0.16142859
0.19973062,0.200998,0.001076743,0.014180094,0.28878644
0.04903866,0.00591698,0.00038009882,0.026718915,0.060624566
0.0980836,0.020111836,0.0007338226,0.028249875,0.13052659
0.12328101,0.09554081,0.0013747662,0.02079235,0.17246112
0.15069363,0.12272687,0.0011588186,0.015421808,0.21323279
0.17343327,0.10569656,0.0009647608,0.016382173,0.24355611
0.19690523,0.68820727,0.0010510683,0.01872535,0.3278891
0.1760543,0.1460428,0.00092072785,0.017445892,0.25079033
0.15914407,0.044014797,0.0007057488,0.0114050135,0.21810456
0.021598257,0.0041737217,0.00013979897,0.004893951,0.022062542
0.19050768,0.3344283,0.0015621334,0.021043345,0.28766918
0.21539277,0.42228246,0.0006812364,0.022747949,0.33026466
0.17083673,0.5977802,0.0011333972,0.014113903,0.28340986
0.12201456,0.08789381,0.00052149594,0.0087714195,0.17001268
0.17265949,0.28332436,0.0008376241,0.01720059,0.25817096
0.08694111,0.026187465,0.00054284185,0.022803113,0.115467526
0.12045173,0.079575695,0.0010430664,0.03391941,0.16709012
0.14381707,0.10396127,0.0005749017,0.009669244,0.20194934
0.2618995,0.59370756,0.001391381,0.019603074,0.41050926
0.17414084,1.4949995,0.0011473596,0.019743815,0.36732668
0.13414787,0.118071765,0.00095805526,0.03058657,0.18966252
0.15197822,0.1609593,0.0012320876,0.03097032,0.21840963
0.10091939,0.18380767,0.0006182641,0.022721216,0.14896248
0.12451465,0.06895704,0.0006390512,0.024811596,0.17183849
0.12184275,0.052285224,0.0008469373,0.021434292,0.16662529
0.10860072,0.028223902,0.0006198883,0.035460293,0.14596418
0.13618158,0.10089961,0.0006848648,0.014367625,0.19099148
0.20235172,0.9150157,0.00083803385,0.022013918,0.3555568
0.13728185,0.16423331,0.00081810355,0.018249169,0.19812866
0.11275554,0.20143871,0.00081144273,0.033929214,0.16708753
0.14187321,0.29775947,0.0018651634,0.012884498,0.21635555
0.08788174,0.03467356,0.0002573207,0.01254423,0.11753407
0.15827656,0.13285632,0.0009483546,0.027924567,0.22474171
0.15320423,0.06727511,0.0006910488,0.008540139,0.21184629
0.12846719,0.13693546,0.0012711585,0.023760289,0.18337841
0.1567796,0.74031633,0.0004724264,0.0040201917,0.27633098
0.101566486,0.13693804,0.0009704232,0.034769416,0.1457261
0.19617136,0.17188706,0.0008568466,0.011376455,0.2812319
0.18229787,0.23498587,0.00066222996,0.0048835427,0.26738977
0.09005124,0.087231725,0.00069348514,0.035967603,0.12521555
0.20134477,0.5898837,0.0013185292,0.015709773,0.3254137
0.19728552,0.44090894,0.0014007092,0.017953247,0.3065663
0.16782199,0.5067966,0.0004299134,0.022114828,0.27114946
0.14997469,0.15732217,0.0010206848,0.009942859,0.21528387
0.16612928,0.11213155,0.0008444041,0.03156896,0.2339015
0.1915583,0.20536265,0.0007937178,0.0067904294,0.2777335
0.22857885,0.83073384,0.0017306805,0.015581906,0.38481808
0.14944266,0.79269475,0.0005216524,0.017572165,0.2706905
0.13962851,0.21548331,0.00089686364,0.0230259,0.2059425
0.11053005,0.123287,0.00078852475,0.025523975,0.15706585
0.07358531,0.015092913,0.0006028488,0.018670097,0.09579311
0.19397257,0.43318388,0.0008690506,0.022508964,0.3012465
0.15209517,0.14003132,0.0007978529,0.021369696,0.2167238
0.16036434,0.1297629,0.00085796416,0.016365573,0.22739059
0.14434928,0.32276696,0.0005700849,0.0058985054,0.22203131
0.15164652,0.14966658,0.00079868734,0.014520496,0.21694736
0.12306075,0.16029786,0.00045079738,0.010760382,0.17787576
0.121889316,0.25291818,0.00080156326,0.023915395,0.18442148
0.1269889,0.034389,0.00045409054,0.021581382,0.17224671
0.12657142,0.053688135,0.000993073,0.018572614,0.17336792
0.15720622,0.2277304,0.0008918196,0.022567227,0.2316281
0.13977002,0.086115666,0.00074047595,0.0076167732,0.19470763
0.14548741,0.08276273,0.0009842813,0.021942407,0.20241387
0.1088544,0.09866328,0.0008275509,0.014490232,0.15254435
0.15993457,0.26154208,0.0010512918,0.022494048,0.23843506
0.16470508,0.17268392,0.0008186996,0.018026277,0.2372594
0.18450144,0.10954108,0.0005240515,0.010736942,0.25938782
0.18936284,0.2679096,0.0008725673,0.016094863,0.28018814
0.18093888,0.28766227,0.001091361,0.012716651,0.2701429
0.15988436,0.31057042,0.0009702295,0.018019333,0.2426977
0.12824316,0.0600387,0.0007592514,0.023165435,0.17626907
0.10685153,0.036987133,0.00051865727,0.013300374,0.1442903
0.17893724,0.1943204,0.00090809166,0.018242553,0.25909212
0.14452033,0.18806338,0.0008986145,0.017099917,0.21036623
0.11627574,0.027390817,0.0015058815,0.02918066,0.15663317
0.21483234,0.18128097,0.00058971345,0.02431722,0.30818164
0.15084866,0.13057251,0.0009771287,0.023020267,0.21414314
0.12931149,0.12400547,0.00105533,0.018026337,0.18341747
0.04385409,0.009181727,6.6457316e-05,0.0076197237,0.053656317
0.13220836,0.6397998,0.00093719363,0.02495633,0.23305574
0.1657683,0.11116636,0.00056405365,0.0036270916,0.23331094
0.14906383,0.18762226,0.0006740391,0.018920973,0.21668673
0.12925267,0.061317198,0.00062728673,0.029766515,0.17779507
0.1918259,0.42750886,0.000991255,0.02391015,0.29774028
0.24910578,0.8031077,0.000917919,0.008494914,0.4111079
0.2380461,0.81976455,0.0017244369,0.029229745,0.39709985
0.22967108,1.1918992,0.0014941245,0.02752781,0.41826499
0.09885041,0.05413388,0.0011161864,0.012502775,0.13460658
0.22971499,0.78999585,0.0012919307,0.025739372,0.3828081
0.14424288,0.20827669,0.0006315857,0.019460067,0.21176428
0.10739931,0.08008813,0.0008695051,0.0077551156,0.14886609
0.13226002,0.12405691,0.0011812449,0.022136316,0.18754907
0.116579376,0.049495284,0.00046963245,0.011080228,0.15901165
0.16352919,0.2040857,0.00088489056,0.021342322,0.23838867
0.120214805,0.15703264,0.0012462884,0.00846152,0.17360377
0.2061502,0.24591729,0.0011790544,0.015179932,0.3017416
0.14766572,0.52600807,0.00079578906,0.029416695,0.24463482
0.18688169,0.25412765,0.0009146482,0.019151732,0.27549732
0.16835831,0.11175121,0.00095529854,0.015458927,0.23698783
0.13557287,0.042012062,0.0015230924,0.024987057,0.18493526
0.07434961,0.06577413,0.0006871894,0.01800266,0.101341866
0.15754586,0.59999275,0.001100406,0.033349395,0.26500234
0.1016456,0.02157466,0.00026860088,0.020597346,0.13564155
0.083000325,0.046613988,0.00031958148,0.013805196,0.11175686
0.20196238,0.23489697,0.0010634065,0.03530605,0.29490605
0.15052453,0.18828622,0.0008725971,0.026058316,0.21878994
0.17993218,0.16960172,0.0009860992,0.023594916,0.2583002
0.14995804,0.2153197,0.0010334402,0.025547802,0.22038613
0.20240189,0.9017339,0.0012610406,0.013214871,0.3544532
0.17398454,0.8782328,0.0011422634,0.025461376,0.3126009
0.14230077,0.424577,0.0011345521,0.021322861,0.22816154
0.092695035,0.025131986,0.00039888173,0.006594375,0.12342794
0.0641303,0.010983879,0.00045785308,0.017875217,0.082195915
0.15933087,0.44274095,0.000883013,0.025653705,0.2536036
0.18169694,0.64038175,0.0013402998,0.019396082,0.30237567
0.17905138,0.44591054,0.0014816821,0.025550842,0.28148624
0.11766768,0.49179214,0.0012635142,0.014011711,0.19962311
0.17110483,0.109332025,0.00088375807,0.0066637546,0.24061832
0.15176961,0.11463303,0.0008082837,0.018232882,0.21402353
0.13435394,0.61805356,0.001513645,0.02132167,0.23413703
0.098525815,0.044818327,0.0007563755,0.02011919,0.133329
0.1592948,1.3429246,0.0009954274,0.021540731,0.3331072
0.11591948,0.21821348,0.00054456666,0.0056649745,0.17299855
0.15470833,0.19704661,0.00072975457,0.010268062,0.22542015
0.14603376,0.104790896,0.0006518811,0.022149518,0.20512535
0.16559978,0.120757505,0.0009122938,0.0064955205,0.23392269
0.2029018,1.3123866,0.00093106925,0.014212206,0.39144453
0.15831667,0.2730171,0.00059978664,0.01681222,0.23718461
0.09651016,0.024930436,0.0006341487,0.029107362,0.1287501
0.18651423,0.23326606,0.000948593,0.012666702,0.27313936
0.2162771,0.47424647,0.0010958463,0.015311927,0.3360948
0.11442684,0.060402654,0.00075205415,0.016334489,0.15696272
0.09269438,0.1436276,0.00033286586,0.015976667,0.13389912
0.20285477,0.33261052,0.00071273744,0.014699936,0.3047906
0.14116535,0.053412735,0.0006428212,0.009125531,0.19377051
0.10910317,0.10542772,0.0007901788,0.019834831,0.15349036
0.20886621,1.0185212,0.0008293167,0.008930922,0.37382233
0.119766876,0.04021793,0.00021219999,0.0122985765,0.16265327
0.10858153,0.10544294,0.00090162456,0.012815207,0.15276156
0.16253541,0.93666387,0.001794219,0.019771233,0.30173957
0.15837377,0.22399054,0.0007083565,0.014913008,0.23293181
0.15440409,0.14407979,0.0007689446,0.0149077475,0.22031336
0.20165263,0.33152595,0.0013247728,0.026587963,0.30301213
0.15933637,0.40785065,0.0011545718,0.014517412,0.25052786
0.13625833,0.072529584,0.00039691478,0.015657157,0.1885917
0.12698628,0.17017864,0.00084759295,0.022955894,0.1842435
0.17763962,1.2459736,0.0007657409,0.015456259,0.3502161
0.193782,0.6329387,0.00084649026,0.017709792,0.31863317
0.11780445,0.078143865,0.0007054806,0.014996663,0.16325821
0.20163532,0.29396358,0.00085631013,0.018467173,0.2996683
0.2258589,0.58217764,0.0011909008,0.014533967,0.35904476
0.14760809,0.22614785,0.00095404685,0.021945715,0.21805388
0.18899025,0.35075212,0.00065311044,0.014914155,0.28698787
0.08567678,0.09731521,0.0006041005,0.009255812,0.11998381
0.2191366,0.50049865,0.0018439591,0.023329556,0.34241724
0.17265949,0.28332436,0.00040287524,0.01720059,0.25817096
0.14604723,0.05366976,0.0005220771,0.01330249,0.20062634
0.13721582,0.09026713,0.0007672012,0.01935798,0.19149944
0.111448795,0.08931611,0.0003756471,0.021377385,0.15534963
0.094983466,0.27562192,0.001450181,0.013243273,0.14876817
0.12560117,0.04936266,0.00069706887,0.017689899,0.17162761
0.18644603,0.533828,0.0015740097,0.012921348,0.29960617
0.18566617,0.181063,0.0008830577,0.019203201,0.26733887
0.12199564,0.21050473,0.001140736,0.010659933,0.180822
0.20288025,0.28061387,0.0008678436,0.012985885,0.30023104
0.13320474,0.118547976,0.00061594695,0.009852424,0.18838452
0.12118569,0.06673072,0.0005570799,0.015523493,0.16698223
0.117817625,0.50818264,0.0007336512,0.012688324,0.20128149
0.19054951,0.34308815,0.0008598268,0.022070482,0.28849304
0.19794406,0.45595342,0.0011993498,0.017770663,0.30881763
0.13003609,0.039232813,0.0007850155,0.025278464,0.17693987
0.11902893,0.17693928,0.0007381588,0.017319277,0.17370318
0.13870354,1.3044374,0.00088334084,0.020281926,0.30088457
0.19273335,0.3873449,0.0011965483,0.022686034,0.29546094
0.173996,0.90285325,0.0010172725,0.011292025,0.3147928
0.18448058,1.1163393,0.0013016164,0.017218113,0.34833485
0.12633093,0.055260617,0.00087189674,0.024413556,0.17317027
0.1309946,0.051776607,0.0007759556,0.020673811,0.17939006
0.15161298,0.12841634,0.00095044076,0.023231044,0.2150224
0.19929041,0.22489014,0.0009614378,0.020661876,0.29028177
0.13936536,0.040314887,0.00078871846,0.018766955,0.19009358
0.12744734,1.2468389,0.0013004392,0.04169254,0.2800391
0.14437096,0.12993045,0.00091953576,0.018743098,0.20501965
0.15064451,0.041990757,0.0015232861,0.025043502,0.20602895
0.08719111,0.05028207,0.0012131333,0.02584894,0.11794682
0.124988474,0.1103843,0.0006823987,0.023785919,0.17616284
0.13020833,0.04549986,0.0008330941,0.018373236,0.17773482
0.11735598,0.48239622,0.0006751865,0.02359271,0.19835645
0.1535308,0.30038896,0.0014938712,0.018536985,0.23290491
0.15892136,0.073004186,0.0008493811,0.010656454,0.22035477
0.13578606,0.38115597,0.0008686483,0.021823302,0.21520564
0.12204976,0.07398468,0.0007368475,0.023862287,0.16883273
0.08700175,0.043871418,0.00066191703,0.014642462,0.11711523
0.15171498,1.7286243,0.0012972653,0.017338619,0.3565842
0.16875038,0.22751717,0.0013189167,0.01863192,0.24776746
0.10627573,0.060926344,0.00051264465,0.015972778,0.14559999
0.1340264,0.2500216,0.0008588508,0.020113885,0.2011536
0.16455412,0.17798865,0.000474222,0.005394697,0.23751691
0.1110703,0.041840795,0.00031559728,0.0032207817,0.15062419
0.14676268,0.14614098,0.0007944554,0.030195475,0.20979993
0.1455144,0.053281955,0.00065309554,0.027474254,0.19984627
0.18353082,0.24776056,0.00071161985,0.01817882,0.27024448
0.13600406,0.04760538,0.00061173737,0.019063547,0.18603311
0.1867242,0.4311245,0.0012007058,0.022325814,0.29091907
0.17663798,0.13652492,0.0009794086,0.04253444,0.25076616
0.12149237,0.11976472,0.00072562695,0.017748013,0.1720984
0.1921748,1.090552,0.0010561198,0.031824574,0.35682535
0.1314828,0.20305699,0.0008802265,0.036434785,0.19344285
0.11901659,0.23239307,0.00089366734,0.029450357,0.17858665
0.2602499,1.2601159,0.0010789484,0.013253108,0.46709445
0.2080725,0.22916228,0.0019463748,0.020788208,0.30295148
0.21472855,0.43157893,0.00066576153,0.011315942,0.33015653
0.12526803,0.13295688,0.0006194711,0.019704103,0.17854899
0.12037506,0.12000298,0.00092986226,0.034916356,0.17055556
0.11970397,0.029067876,0.0009114146,0.021063894,0.16157982
0.09041938,0.07495883,0.0005854517,0.025716737,0.12464621
0.13217625,0.1970788,0.0005315617,0.004788086,0.19388515
0.17085406,0.58343786,0.0014318526,0.029327467,0.2821666
0.14665037,0.040850922,0.0011404604,0.02724415,0.2003377
0.15961824,0.50496525,0.0012447536,0.015835032,0.25950494
0.16598836,0.1064284,0.00037603453,0.008166574,0.23320024
0.03936376,0.024947582,0.00023294799,0.0063306913,0.04876457
0.15258628,0.29632038,0.00069214404,0.027200475,0.23122332
0.11749716,0.12842818,0.0004772991,0.019797847,0.167272
0.16807292,0.13702528,0.0011151433,0.022678241,0.23882198
0.14707409,0.2986946,0.00095930696,0.016386539,0.2237178
0.18328099,0.28553873,0.0007951632,0.019987047,0.27323344
0.20760022,0.49990472,0.0010031313,0.007554233,0.3262174
0.18024057,0.2623381,0.0006216392,0.005829729,0.26692745
0.15449317,0.49892256,0.0006309673,0.010609075,0.2517974
0.17771009,0.077409476,0.0010663569,0.02027899,0.24704242
0.13824753,0.18021329,0.00069254637,0.016941056,0.20089254
0.107146464,0.060689628,0.0006008893,0.018683836,0.14679784
0.14260127,0.090345144,0.0019927323,0.029808238,0.19904427
0.1299196,2.620407,0.00096160173,0.018247008,0.40488917
0.13819964,0.10428294,0.001181066,0.031816497,0.19411515
0.15857667,0.24385189,0.00062225014,0.0044709966,0.23497105
0.13736062,0.10783983,0.00041684508,0.027711675,0.19325511
0.18906586,0.48497158,0.0006574318,0.012180492,0.2989554
0.12682481,0.46941674,0.0006237775,0.019263387,0.21046278
0.05214795,0.0056167557,0.00057816505,0.0033804104,0.064950064
0.09459377,0.05937995,0.00071002543,0.03696823,0.12911226
0.15131173,0.07584846,0.0008081645,0.0309048,0.20995504
0.2132836,0.87702686,0.000808388,0.014178634,0.3675007
0.14372571,0.12468018,0.0012180656,0.030840173,0.20365252
0.17763962,1.2459736,0.00075921416,0.015456259,0.3502161
0.1741866,0.5976452,0.00088888407,0.020481497,0.2880867
0.10682153,0.016994648,0.0006605536,0.008856773,0.14248148
0.17710873,0.12695745,0.0013017803,0.016589731,0.25057954
0.10962147,0.052072268,0.00095681846,0.019808456,0.1495005
0.15465239,0.27885556,0.001195088,0.024725482,0.23257175
0.15237719,0.14157395,0.0007032007,0.007642105,0.21725486
0.087898955,0.049664006,0.00030185282,0.0025488958,0.118882954
0.193446,0.40242374,0.0012847483,0.011504054,0.297791
0.1837618,0.29898283,0.00065683573,0.014494568,0.27509457
0.07384799,0.012901608,0.0005607903,0.009469628,0.095967114
0.15590219,0.22339018,0.000850454,0.015900895,0.22941932
0.20109293,1.2521629,0.0016168952,0.009946644,0.3835904
0.11377486,0.020978391,0.0012189671,0.024424024,0.15256602
0.1510756,0.75999874,0.00096191466,0.014801756,0.2700866
0.07866111,0.027097458,0.0006608069,0.01660575,0.10395854
0.18008277,0.3401292,0.00075776875,0.020490602,0.27358142
0.13737157,0.36262155,0.0007933527,0.01739049,0.21578687
0.084036045,0.11217074,0.0006880164,0.029687747,0.11900016
0.16153792,0.4732052,0.0012594908,0.023038328,0.25938505
0.14548856,0.25761357,0.00087462366,0.023581803,0.217868
0.1628403,1.22655,0.0014831573,0.024083719,0.32778513
0.15681541,0.12998983,0.0010178685,0.015682131,0.22244322
0.17770848,0.13560843,0.0010292679,0.03173402,0.25218353
0.10136347,0.03559633,0.0006375313,0.016623273,0.13648583
0.18871762,0.8026279,0.0010657012,0.02694413,0.326541
0.1294261,0.09293455,0.0013949126,0.027026802,0.18083201
0.10334937,0.12549677,0.0005069077,0.027435109,0.14721045
0.19088213,0.92656034,0.0017009228,0.016818836,0.3405232
0.060430154,0.010684444,0.00018009171,0.0017217435,0.07699041
0.15344611,0.13164668,0.00063076615,0.014085755,0.21787369
0.1562743,0.6750881,0.0009265393,0.026204214,0.26985914
0.069283165,0.04679724,0.00028544292,0.0020598099,0.09257334
0.09739445,0.04660523,0.0012351573,0.03444095,0.13190335
0.18957356,0.49815425,0.0009291768,0.016901374,0.30083105
0.09367777,0.052455682,0.0006966293,0.026677787,0.1272182
0.044338074,0.030346053,0.0003207624,0.015870541,0.056204148
0.18165167,0.26589537,0.0012474805,0.014250532,0.26921692
0.17117943,0.22049679,0.0005008131,0.009962171,0.25054696
0.09022341,0.022439009,0.0006372407,0.024064958,0.11973045
0.1327624,0.042612977,0.00049892813,0.020195127,0.18105459
0.15318581,0.1934415,0.0015553087,0.022166342,0.22297052
0.15036733,0.09452193,0.0005022362,0.009781793,0.21028346
0.1290099,0.062495694,0.0011233687,0.013789654,0.1775594
0.22716238,0.82591474,0.0014287829,0.0159491,0.38240957
0.20045134,0.76344705,0.001914978,0.024366677,0.3395019
0.082651585,0.03236165,0.0006223172,0.013266191,0.110009186
0.18041569,0.113871165,0.00078163296,0.022651315,0.25405174
0.15065889,0.18128386,0.0008934438,0.02236712,0.21835917
0.16974154,0.35107994,0.0009826198,0.010226615,0.2600747
0.15190947,0.12645121,0.0011612773,0.023784667,0.21526374
0.09333827,0.033168025,0.0005047545,0.026879892,0.12503846
0.1241558,0.55739236,0.0007546693,0.02690509,0.21450187
0.13130113,0.23213457,0.00070539117,0.016555056,0.19575833
0.16916598,0.18797043,0.0013016611,0.020733252,0.24485423
0.16171232,0.12902334,0.00059500337,0.023695275,0.22921196
0.103320226,0.042028513,0.0013183653,0.020300582,0.13979311
0.18961121,0.53669226,0.0010444075,0.015516594,0.30428958
0.063449346,0.00399855,0.00071104616,0.015648752,0.08062547
0.1885185,0.30844957,0.0011957884,0.020266458,0.28258908
0.18271169,0.38866234,0.0016572028,0.014179051,0.2815502
0.25485298,0.92073554,0.0014369488,0.015054747,0.42954758
0.0921429,1.196172,0.0011254176,0.008226551,0.22614625
0.16398877,0.4636606,0.00076930225,0.017248958,0.26197198
0.18671462,0.16018993,0.0008960217,0.0149499625,0.26696172
0.19626743,0.19034018,0.002308637,0.016880587,0.2829972
0.24278244,0.7433563,0.000871107,0.016518697,0.39697665
0.17590088,0.18392651,0.0006958246,0.01828973,0.2539236
0.09725539,0.044300895,0.00056355447,0.02922137,0.13150507
0.13943462,1.0623811,0.00066687167,0.016077772,0.28051603
0.0958522,0.06250657,0.00045701116,0.0061786175,0.13114998
0.13726623,0.08289676,0.0005799383,0.004770443,0.19091864
0.11677012,0.17457107,0.0003264919,0.0031500757,0.17033225
0.118329,0.121436626,0.0014251322,0.017366424,0.16781843
0.1583004,0.13076794,0.0011663586,0.016660884,0.22459053
0.14462626,0.27350074,0.0011354983,0.015878037,0.21806508
0.09153687,0.032491744,0.00050579756,0.03081964,0.1224573
0.17832397,0.12602451,0.0008238852,0.031193227,0.25219804
0.19223902,0.27671617,0.0013133883,0.019499406,0.2849922
0.15705352,0.10471769,0.0008249581,0.018782958,0.22054307
0.06556665,0.018336657,0.00045489147,0.011062637,0.08485616
0.21928608,0.3462096,0.0011236817,0.0070946068,0.32899112
0.09925144,0.030660434,0.0008333102,0.0069580674,0.13309343
0.10734809,0.06940235,0.00045906007,0.012669623,0.14785004
0.18907124,0.37707064,0.0011193007,0.025776163,0.28942716
0.10402668,0.24940528,0.00069500506,0.014442384,0.15910894
0.082835004,0.35233533,0.00048721582,0.013485521,0.13854371
0.15245432,0.20912991,0.0008007437,0.021041319,0.2233331
0.16609569,0.6521774,0.0006036088,0.016936734,0.28158125
0.08263352,0.020122116,0.0006531775,0.027087286,0.10890222
0.18330441,0.37110385,0.0010773987,0.017569438,0.2808281
0.11687077,0.09745143,0.000696145,0.015624195,0.16365767
0.11055485,0.19325869,0.0008081421,0.020413771,0.16328436
0.16095857,0.1367176,0.0009340346,0.025890484,0.22883694
0.20079616,1.34093,0.0013364255,0.0193602,0.39101982
0.14717555,0.10717367,0.0005794279,0.0051942915,0.20693406
0.056256615,0.008011512,0.00042786822,0.02175036,0.07091254
0.11854919,0.03438825,0.00096549094,0.012912005,0.16043368
0.13745409,0.121328905,0.00062175095,0.012118548,0.19457804
0.15570728,0.26562327,0.0008235723,0.025044635,0.23287886
0.062389523,0.028927382,0.0003380552,0.011372082,0.08134514
0.13164958,0.032136843,0.0010272712,0.011586152,0.17857116
0.17794143,0.36604315,0.0007172078,0.017874137,0.27287433
0.13427833,0.14601679,0.0004947856,0.0142039955,0.19231477
0.14259303,0.24177255,0.0013123006,0.042933762,0.21241519
0.09764438,0.08587142,0.0010079518,0.02459848,0.13572335
0.119173154,0.3328612,0.0023878813,0.020231813,0.1876847
0.1967179,0.26907519,0.0007651374,0.008246452,0.29058594
0.15000033,0.38770545,0.0010381192,0.008606657,0.23567998
0.19502228,0.2360676,0.00068339705,0.020396769,0.28529555
0.17738418,0.1288436,0.0010292903,0.0072672144,0.25113177
0.17007615,2.1797838,0.0013594627,0.016406506,0.4221555
0.2408536,0.40793896,0.0012919158,0.023676425,0.36463422
0.18856265,0.2409013,0.0006650388,0.014330655,0.27668127
0.13250393,0.043882105,0.00033326633,0.0043917224,0.18080497
0.17659815,0.13275623,0.0009164214,0.025793687,0.25037736
0.13490558,0.082896195,0.00074641407,0.0122562945,0.18761443
0.13456716,0.07721267,0.0009812713,0.0100777745,0.18663844
0.14964291,0.059188463,0.0005312115,0.015751898,0.2061469
0.116200276,0.33360186,0.00085261464,0.021265522,0.18358906
0.21744494,0.5134122,0.0012772679,0.029249907,0.34119067
0.19361855,0.087881915,0.00064652413,0.020138666,0.2702348
0.15285431,0.07692155,0.0008954257,0.01023607,0.212209
0.16784678,0.099893875,0.00080318004,0.01527752,0.23522396
0.123983465,0.35005018,0.0012575239,0.030427143,0.19593671
0.09624605,0.09151044,0.0006823391,0.012525633,0.13426447
0.2526384,1.0657203,0.002622366,0.012874916,0.43926093
0.12612073,0.09198942,0.0007969588,0.0276891,0.176122
0.16361125,0.13295002,0.0006799549,0.026530534,0.2322169
0.10935,0.04193025,0.00051917136,0.015745312,0.14822423
0.190968,0.3080642,0.0011199117,0.022417396,0.28598356
0.14629287,0.09633775,0.00083156675,0.014532015,0.20474094
0.10997871,0.028678084,0.0006868765,0.012972236,0.14793305
0.17072292,0.5502778,0.0010516793,0.021493673,0.2790525
0.16203581,0.22780481,0.0014100969,0.022208497,0.2383946
0.109156616,0.09830643,0.00076420605,0.017533004,0.15293582
0.20220883,0.6734588,0.0012291521,0.02348718,0.33400908
0.09022341,0.022439009,0.00056415796,0.024064958,0.11973045
0.22311659,0.71165794,0.0009784698,0.01228264,0.36664927
0.07007968,0.018349305,0.00044529513,0.010702491,0.09117411
0.18647791,1.086328,0.0013182312,0.012810171,0.34847823
0.15543865,0.09930952,0.0005662441,0.01854758,0.2178048
0.10360766,0.018126788,0.00048794225,0.007781774,0.13808312
0.1434251,0.24316455,0.00091546774,0.01526019,0.21370287
0.10246001,0.081810966,0.00083284825,0.012705773,0.14210486
0.23193796,0.4837043,0.0014871061,0.020153388,0.35885093
0.18045682,0.1050601,0.00125283,0.015939876,0.25333062
0.097776785,0.029583486,0.00053272396,0.004367709,0.1309342
0.16114616,0.87510747,0.0010667294,0.021263286,0.294355
0.06548619,0.02453903,0.0004199408,0.0148456395,0.08529168
0.15724692,0.3882261,0.0012863129,0.012661099,0.24586895
0.15862459,0.18689334,0.0009088367,0.028540358,0.23000439
0.12683778,0.061599173,0.0006444603,0.004403755,0.17443988
0.11805434,0.061630514,0.0009312928,0.023369774,0.1621486
0.2051992,0.46703434,0.0014444888,0.016135037,0.31995183
0.1616123,0.37428114,0.00059904903,0.018812895,0.25074673
0.16867891,0.44030637,0.0011843145,0.028980419,0.26647276
0.15206885,0.6375061,0.0008276701,0.009026974,0.2606515
0.108568214,0.054370146,0.0007112771,0.011190042,0.14822935
0.18150808,0.5488481,0.001342535,0.01259692,0.294022
0.14583187,0.24209456,0.0011083633,0.021410555,0.21697702
0.16658,1.2305193,0.001333937,0.015921786,0.33337033
0.09696542,0.12330865,0.00068870187,0.017292216,0.13808155
0.14615342,0.7065185,0.0010435283,0.017315194,0.25847074
0.10309389,0.011014815,0.0006353706,0.008745097,0.13673548
0.07758704,0.027308952,0.0005267784,0.026031747,0.10247387
0.094092205,0.020446999,0.0007045269,0.020073727,0.124969505
0.12644592,0.1537083,0.0011245012,0.023861215,0.18203159
0.18768834,0.38331923,0.0007584393,0.0053518564,0.28804374
0.15841153,0.21332227,0.0011546314,0.021362156,0.23204184
0.14260891,0.09829444,0.00087967515,0.023271844,0.19975749
0.15668662,0.16073956,0.000982523,0.027634025,0.22498049
0.14122793,0.064430155,0.00065767765,0.026499316,0.19483179
0.087221764,0.17688891,0.0008945018,0.011493295,0.12917866
0.09163382,0.016495518,0.0008761287,0.0025247857,0.12117932
0.16191956,0.33120266,0.0009977967,0.02843149,0.24736972
0.157576,0.18659519,0.0010668635,0.017262131,0.22851034
0.12139529,0.17383054,0.00082324445,0.0067076534,0.1767406
0.19741188,0.18877053,0.00064381957,0.015067562,0.28446034
0.12049185,0.0384725,0.00110396,0.03398004,0.16351375
0.13574634,0.09335344,0.00089770555,0.030075312,0.18971539
0.19948162,0.53885907,0.0012269169,0.017831802,0.31829655
0.1599345,0.2358016,0.0007445514,0.023384348,0.23616014
0.23439853,0.89510775,0.0010698438,0.014612332,0.39865288
0.09810646,0.017300693,0.00062286854,0.019025892,0.13031015
0.17623249,0.120198265,0.0010530353,0.025742233,0.24875572
0.1110903,1.4210702,0.0015270263,0.03334433,0.27254215
0.19846003,0.5236118,0.0014426112,0.048198864,0.31551915
0.11687277,0.05092543,0.00022440404,0.008619741,0.1595487
0.13422602,0.27719936,0.0009202659,0.010440469,0.20383486
0.18126962,0.11264612,0.0011122674,0.024482265,0.2551387
0.15923944,0.08665455,0.0009457469,0.018275842,0.22200635
0.18384607,0.3751345,0.0011814535,0.008914247,0.28194246
0.11553302,0.037456006,0.0007199794,0.018370718,0.1564831
0.056065273,0.047928456,0.00014651008,0.012348123,0.0741724
0.10356895,0.017961353,0.00064101815,0.014412135,0.1380143
0.19994196,0.16929018,0.0008612871,0.021636546,0.28628007
0.17593352,0.16173218,0.00071018934,0.023033008,0.25200784
0.19887786,0.34436983,0.0011380464,0.009783253,0.30026338
0.11101997,0.15897958,0.0007651448,0.029748812,0.16090594
0.16657785,0.5163283,0.0006368533,0.021257743,0.2702504
0.1348779,0.1378519,0.0013300925,0.020285144,0.1924324
0.088816985,0.14502694,0.0009175092,0.009799749,0.12859565
0.18587412,0.40747082,0.0010288656,0.02505581,0.2876388
0.10435378,0.03414216,0.0005262047,0.047344223,0.1405428
0.07421008,0.0375258,0.00032896735,0.019267425,0.0986501
0.10006055,0.030103259,0.00081016123,0.02274251,0.1341767
0.2300212,1.3074616,0.0019389987,0.026567057,0.42896795
0.1238388,0.7291308,0.0010787547,0.01596637,0.22923562
0.22081077,0.32541576,0.0014624894,0.014270946,0.32928753
0.1881575,0.5089403,0.0007084012,0.009044334,0.29980224
0.101415746,0.19298935,0.00065337867,0.024105087,0.15046866
0.15121566,0.088643886,0.0009007752,0.023343742,0.21095137
0.0457781,0.0052293637,0.00014046207,0.009941749,0.05600003
0.19900326,0.238295,0.0011178851,0.016743034,0.2910645
0.24195178,0.53656095,0.0009858757,0.026827604,0.37753835
0.20254919,0.2952208,0.0005587414,0.025365084,0.30105853
0.12165842,0.06533441,0.0009936094,0.019495085,0.16752051
0.10350911,0.05256282,0.0004406385,0.0036483034,0.14098847
0.16796006,0.34813875,0.0010261983,0.024960786,0.25732124
0.16688055,0.25705877,0.0010693073,0.010746829,0.24776104
0.16529202,0.7006999,0.00065793097,0.028987736,0.2847446
0.1188306,0.025270022,0.0007666126,0.02048251,0.16002174
